ts_code,return_rank,pe_rank,pb_rank,average_rank
688310.SH,7.0,3.0,13.0,7.666666666666667
600215.SH,9.0,14.0,4.0,9.0
688559.SH,5.0,5.0,17.0,9.0
002008.SZ,23.0,8.0,3.0,11.333333333333334
688518.SH,25.0,4.0,5.0,11.333333333333334
002334.SZ,31.0,1.0,7.0,13.0
603283.SH,1.0,2.0,42.0,15.0
301029.SZ,8.0,7.0,33.0,16.0
688218.SH,14.0,16.0,20.0,16.666666666666668
002957.SZ,22.0,21.0,8.0,17.0
